{"inputUnits":[34],"outputUnits":6,"inputs":{"0":{"dtype":"number","min":282.81509786089026,"max":475.84502608687785},"1":{"dtype":"number","min":105.51548532110439,"max":277.78911821093936},"2":{"dtype":"number","min":290.28694613867566,"max":484.57262957537614},"3":{"dtype":"number","min":100.4887016103049,"max":271.4168859411169},"4":{"dtype":"number","min":281.33324472527755,"max":478.12802744190594},"5":{"dtype":"number","min":100.875591776292,"max":273.54278861895403},"6":{"dtype":"number","min":307.5599298607304,"max":489.80209023399425},"7":{"dtype":"number","min":109.37466389022143,"max":268.2192713568317},"8":{"dtype":"number","min":276.4035066898338,"max":469.8876744915402},"9":{"dtype":"number","min":107.98745436045624,"max":274.5395539936266},"10":{"dtype":"number","min":309.9174431099994,"max":482.03730235555247},"11":{"dtype":"number","min":141.09405740659835,"max":275.7749370850085},"12":{"dtype":"number","min":293.52115088271347,"max":455.2711025780869},"13":{"dtype":"number","min":134.78550366258528,"max":282.4402527688307},"14":{"dtype":"number","min":262.329986750731,"max":497.0502907676771},"15":{"dtype":"number","min":96.34236653645831,"max":350.27684975785814},"16":{"dtype":"number","min":247.41693983765836,"max":455.15920211464805},"17":{"dtype":"number","min":95.26773850587841,"max":357.04980563931525},"18":{"dtype":"number","min":190.6128768474735,"max":510.92463145711497},"19":{"dtype":"number","min":62.12016590854577,"max":412.47209872418676},"20":{"dtype":"number","min":188.9139049745675,"max":477.49934532953745},"21":{"dtype":"number","min":59.52268607899924,"max":426.3583998652229},"22":{"dtype":"number","min":335.2747001424867,"max":473.5951557122243},"23":{"dtype":"number","min":239.27120355602358,"max":332.15448866578333},"24":{"dtype":"number","min":321.67032000149436,"max":441.4762250814754},"25":{"dtype":"number","min":239.87973122104103,"max":350.6513563606009},"26":{"dtype":"number","min":291.4850210446363,"max":473.78285368980715},"27":{"dtype":"number","min":302.1156227751317,"max":371.80057042291054},"28":{"dtype":"number","min":287.52934684530334,"max":456.187015109592},"29":{"dtype":"number","min":301.3522832621375,"max":373.86693288940666},"30":{"dtype":"number","min":312.01355337399485,"max":471.1866138599537},"31":{"dtype":"number","min":340.990794220863,"max":438.11651055111054},"32":{"dtype":"number","min":210.59462281463206,"max":470.4707868847466},"33":{"dtype":"number","min":352.6629501848425,"max":439.0511024207399}},"outputs":{"0":{"dtype":"string","min":0,"max":1,"uniqueValues":["1","2","3","4","5","6"],"legend":{"1":[1,0,0,0,0,0],"2":[0,1,0,0,0,0],"3":[0,0,1,0,0,0],"4":[0,0,0,1,0,0],"5":[0,0,0,0,1,0],"6":[0,0,0,0,0,1]}}},"isNormalized":true}